"0","#| echo: false"
"0","library(plotly)"
"0",""
"0","# Read in data"
"0","df <- read.csv(""commissionsdatabase.csv"", stringsAsFactors = F)"
"0",""
"0","# Convert to dates"
"0","df$md <- as.Date(df$md, format=""%d/%m/%Y"")"
"0",""
"0","# Choose colors based on number of resources"
"0","cols <- RColorBrewer::brewer.pal(length(unique(df$Resource)), name = ""Set3"")"
"0","df$color <- factor(df$Resource, labels = cols)"
"0",""
"0","# Initialize empty plot"
"0","fig <- plot_ly()"
"0",""
"0","# Each task is a separate trace"
"0","# Each trace is essentially a thick line plot"
"0","# x-axis ticks are dates and handled automatically"
"0",""
"0","for(i in 1:(nrow(df) - 1)){"
"0"," fig <- add_trace(fig,"
"0","                 x = c(df$md[i], df$md[i] + df$Duration[i]),  # x0, x1"
"0","                 y = c(i, i),  # y0, y1"
"0","                 mode = ""lines"","
"0","                 line = list(color = df$color[i], width = 20),"
"0","                 showlegend = F,"
"0","                 hoverinfo = ""text"","
"0",""
"0","                 # Create custom hover text"
"0",""
"0","                 text = paste(""Task: "", df$Task[i], ""<br>"","
"0","                              ""Resource: "", df$Resource[i]),"
"0",""
"0","                  evaluate = T  # needed to avoid lazy loading"
"0","  )"
"0","}"
"0",""
"0","fig <- layout(fig,"
"0",""
"0","            # Axis options:"
"0","            # 1. Remove gridlines"
"0","            # 2. Customize y-axis tick labels and show task names instead of numbers"
"0",""
"0","            yaxis = list(showgrid = F), tickmode = ""array"", tickvals = 1:nrow(df),  ticktext = unique(df$Task))"
"0",""
"0","fig"
"2","No trace type specified:
  Based on info supplied, a 'scatter' trace seems appropriate.
  Read more about this trace type -> https://plotly.com/r/reference/#scatter
"
"2","No trace type specified:
  Based on info supplied, a 'scatter' trace seems appropriate.
  Read more about this trace type -> https://plotly.com/r/reference/#scatter
"
"2","No trace type specified:
  Based on info supplied, a 'scatter' trace seems appropriate.
  Read more about this trace type -> https://plotly.com/r/reference/#scatter
"
"2","No trace type specified:
  Based on info supplied, a 'scatter' trace seems appropriate.
  Read more about this trace type -> https://plotly.com/r/reference/#scatter
"
"2","No trace type specified:
  Based on info supplied, a 'scatter' trace seems appropriate.
  Read more about this trace type -> https://plotly.com/r/reference/#scatter
"
"2","No trace type specified:
  Based on info supplied, a 'scatter' trace seems appropriate.
  Read more about this trace type -> https://plotly.com/r/reference/#scatter
"
"2","No trace type specified:
  Based on info supplied, a 'scatter' trace seems appropriate.
  Read more about this trace type -> https://plotly.com/r/reference/#scatter
"
"2","No trace type specified:
  Based on info supplied, a 'scatter' trace seems appropriate.
  Read more about this trace type -> https://plotly.com/r/reference/#scatter
"
"2","No trace type specified:
  Based on info supplied, a 'scatter' trace seems appropriate.
  Read more about this trace type -> https://plotly.com/r/reference/#scatter
"
"2","No trace type specified:
  Based on info supplied, a 'scatter' trace seems appropriate.
  Read more about this trace type -> https://plotly.com/r/reference/#scatter
"
"2","No trace type specified:
  Based on info supplied, a 'scatter' trace seems appropriate.
  Read more about this trace type -> https://plotly.com/r/reference/#scatter
"
"2","No trace type specified:
  Based on info supplied, a 'scatter' trace seems appropriate.
  Read more about this trace type -> https://plotly.com/r/reference/#scatter
"
"2","No trace type specified:
  Based on info supplied, a 'scatter' trace seems appropriate.
  Read more about this trace type -> https://plotly.com/r/reference/#scatter
"
"2","No trace type specified:
  Based on info supplied, a 'scatter' trace seems appropriate.
  Read more about this trace type -> https://plotly.com/r/reference/#scatter
"
"2","No trace type specified:
  Based on info supplied, a 'scatter' trace seems appropriate.
  Read more about this trace type -> https://plotly.com/r/reference/#scatter
"
"2","No trace type specified:
  Based on info supplied, a 'scatter' trace seems appropriate.
  Read more about this trace type -> https://plotly.com/r/reference/#scatter
"
"2","No trace type specified:
  Based on info supplied, a 'scatter' trace seems appropriate.
  Read more about this trace type -> https://plotly.com/r/reference/#scatter
"
"2","No trace type specified:
  Based on info supplied, a 'scatter' trace seems appropriate.
  Read more about this trace type -> https://plotly.com/r/reference/#scatter
"
"2","No trace type specified:
  Based on info supplied, a 'scatter' trace seems appropriate.
  Read more about this trace type -> https://plotly.com/r/reference/#scatter
"
"2","No trace type specified:
  Based on info supplied, a 'scatter' trace seems appropriate.
  Read more about this trace type -> https://plotly.com/r/reference/#scatter
"
"2","No trace type specified:
  Based on info supplied, a 'scatter' trace seems appropriate.
  Read more about this trace type -> https://plotly.com/r/reference/#scatter
"
"2","Warning: 'layout' objects don't have these attributes: 'tickmode', 'tickvals', 'ticktext'
Valid attributes include:
'_deprecated', 'activeshape', 'annotations', 'autosize', 'autotypenumbers', 'calendar', 'clickmode', 'coloraxis', 'colorscale', 'colorway', 'computed', 'datarevision', 'dragmode', 'editrevision', 'editType', 'font', 'geo', 'grid', 'height', 'hidesources', 'hoverdistance', 'hoverlabel', 'hovermode', 'images', 'legend', 'mapbox', 'margin', 'meta', 'metasrc', 'modebar', 'newshape', 'paper_bgcolor', 'plot_bgcolor', 'polar', 'scene', 'selectdirection', 'selectionrevision', 'separators', 'shapes', 'showlegend', 'sliders', 'smith', 'spikedistance', 'template', 'ternary', 'title', 'transition', 'uirevision', 'uniformtext', 'updatemenus', 'width', 'xaxis', 'yaxis', 'barmode', 'bargap', 'mapType'
"
"2","Warning: 'scatter' objects don't have these attributes: 'evaluate'
Valid attributes include:
'cliponaxis', 'connectgaps', 'customdata', 'customdatasrc', 'dx', 'dy', 'error_x', 'error_y', 'fill', 'fillcolor', 'fillpattern', 'groupnorm', 'hoverinfo', 'hoverinfosrc', 'hoverlabel', 'hoveron', 'hovertemplate', 'hovertemplatesrc', 'hovertext', 'hovertextsrc', 'ids', 'idssrc', 'legendgroup', 'legendgrouptitle', 'legendrank', 'line', 'marker', 'meta', 'metasrc', 'mode', 'name', 'opacity', 'orientation', 'selected', 'selectedpoints', 'showlegend', 'stackgaps', 'stackgroup', 'stream', 'text', 'textfont', 'textposition', 'textpositionsrc', 'textsrc', 'texttemplate', 'texttemplatesrc', 'transforms', 'type', 'uid', 'uirevision', 'unselected', 'visible', 'x', 'x0', 'xaxis', 'xcalendar', 'xhoverformat', 'xperiod', 'xperiod0', 'xperiodalignment', 'xsrc', 'y', 'y0', 'yaxis', 'ycalendar', 'yhoverformat', 'yperiod', 'yperiod0', 'yperiodalignment', 'ysrc', 'key', 'set', 'frame', 'transforms', '_isNestedKey', '_isSimpleKey', '_isGraticule', '_bbox'
"
"2","Warning: 'scatter' objects don't have these attributes: 'evaluate'
Valid attributes include:
'cliponaxis', 'connectgaps', 'customdata', 'customdatasrc', 'dx', 'dy', 'error_x', 'error_y', 'fill', 'fillcolor', 'fillpattern', 'groupnorm', 'hoverinfo', 'hoverinfosrc', 'hoverlabel', 'hoveron', 'hovertemplate', 'hovertemplatesrc', 'hovertext', 'hovertextsrc', 'ids', 'idssrc', 'legendgroup', 'legendgrouptitle', 'legendrank', 'line', 'marker', 'meta', 'metasrc', 'mode', 'name', 'opacity', 'orientation', 'selected', 'selectedpoints', 'showlegend', 'stackgaps', 'stackgroup', 'stream', 'text', 'textfont', 'textposition', 'textpositionsrc', 'textsrc', 'texttemplate', 'texttemplatesrc', 'transforms', 'type', 'uid', 'uirevision', 'unselected', 'visible', 'x', 'x0', 'xaxis', 'xcalendar', 'xhoverformat', 'xperiod', 'xperiod0', 'xperiodalignment', 'xsrc', 'y', 'y0', 'yaxis', 'ycalendar', 'yhoverformat', 'yperiod', 'yperiod0', 'yperiodalignment', 'ysrc', 'key', 'set', 'frame', 'transforms', '_isNestedKey', '_isSimpleKey', '_isGraticule', '_bbox'
"
"2","Warning: 'scatter' objects don't have these attributes: 'evaluate'
Valid attributes include:
'cliponaxis', 'connectgaps', 'customdata', 'customdatasrc', 'dx', 'dy', 'error_x', 'error_y', 'fill', 'fillcolor', 'fillpattern', 'groupnorm', 'hoverinfo', 'hoverinfosrc', 'hoverlabel', 'hoveron', 'hovertemplate', 'hovertemplatesrc', 'hovertext', 'hovertextsrc', 'ids', 'idssrc', 'legendgroup', 'legendgrouptitle', 'legendrank', 'line', 'marker', 'meta', 'metasrc', 'mode', 'name', 'opacity', 'orientation', 'selected', 'selectedpoints', 'showlegend', 'stackgaps', 'stackgroup', 'stream', 'text', 'textfont', 'textposition', 'textpositionsrc', 'textsrc', 'texttemplate', 'texttemplatesrc', 'transforms', 'type', 'uid', 'uirevision', 'unselected', 'visible', 'x', 'x0', 'xaxis', 'xcalendar', 'xhoverformat', 'xperiod', 'xperiod0', 'xperiodalignment', 'xsrc', 'y', 'y0', 'yaxis', 'ycalendar', 'yhoverformat', 'yperiod', 'yperiod0', 'yperiodalignment', 'ysrc', 'key', 'set', 'frame', 'transforms', '_isNestedKey', '_isSimpleKey', '_isGraticule', '_bbox'
"
"2","Warning: 'scatter' objects don't have these attributes: 'evaluate'
Valid attributes include:
'cliponaxis', 'connectgaps', 'customdata', 'customdatasrc', 'dx', 'dy', 'error_x', 'error_y', 'fill', 'fillcolor', 'fillpattern', 'groupnorm', 'hoverinfo', 'hoverinfosrc', 'hoverlabel', 'hoveron', 'hovertemplate', 'hovertemplatesrc', 'hovertext', 'hovertextsrc', 'ids', 'idssrc', 'legendgroup', 'legendgrouptitle', 'legendrank', 'line', 'marker', 'meta', 'metasrc', 'mode', 'name', 'opacity', 'orientation', 'selected', 'selectedpoints', 'showlegend', 'stackgaps', 'stackgroup', 'stream', 'text', 'textfont', 'textposition', 'textpositionsrc', 'textsrc', 'texttemplate', 'texttemplatesrc', 'transforms', 'type', 'uid', 'uirevision', 'unselected', 'visible', 'x', 'x0', 'xaxis', 'xcalendar', 'xhoverformat', 'xperiod', 'xperiod0', 'xperiodalignment', 'xsrc', 'y', 'y0', 'yaxis', 'ycalendar', 'yhoverformat', 'yperiod', 'yperiod0', 'yperiodalignment', 'ysrc', 'key', 'set', 'frame', 'transforms', '_isNestedKey', '_isSimpleKey', '_isGraticule', '_bbox'
"
"2","Warning: 'scatter' objects don't have these attributes: 'evaluate'
Valid attributes include:
'cliponaxis', 'connectgaps', 'customdata', 'customdatasrc', 'dx', 'dy', 'error_x', 'error_y', 'fill', 'fillcolor', 'fillpattern', 'groupnorm', 'hoverinfo', 'hoverinfosrc', 'hoverlabel', 'hoveron', 'hovertemplate', 'hovertemplatesrc', 'hovertext', 'hovertextsrc', 'ids', 'idssrc', 'legendgroup', 'legendgrouptitle', 'legendrank', 'line', 'marker', 'meta', 'metasrc', 'mode', 'name', 'opacity', 'orientation', 'selected', 'selectedpoints', 'showlegend', 'stackgaps', 'stackgroup', 'stream', 'text', 'textfont', 'textposition', 'textpositionsrc', 'textsrc', 'texttemplate', 'texttemplatesrc', 'transforms', 'type', 'uid', 'uirevision', 'unselected', 'visible', 'x', 'x0', 'xaxis', 'xcalendar', 'xhoverformat', 'xperiod', 'xperiod0', 'xperiodalignment', 'xsrc', 'y', 'y0', 'yaxis', 'ycalendar', 'yhoverformat', 'yperiod', 'yperiod0', 'yperiodalignment', 'ysrc', 'key', 'set', 'frame', 'transforms', '_isNestedKey', '_isSimpleKey', '_isGraticule', '_bbox'
"
"2","Warning: 'scatter' objects don't have these attributes: 'evaluate'
Valid attributes include:
'cliponaxis', 'connectgaps', 'customdata', 'customdatasrc', 'dx', 'dy', 'error_x', 'error_y', 'fill', 'fillcolor', 'fillpattern', 'groupnorm', 'hoverinfo', 'hoverinfosrc', 'hoverlabel', 'hoveron', 'hovertemplate', 'hovertemplatesrc', 'hovertext', 'hovertextsrc', 'ids', 'idssrc', 'legendgroup', 'legendgrouptitle', 'legendrank', 'line', 'marker', 'meta', 'metasrc', 'mode', 'name', 'opacity', 'orientation', 'selected', 'selectedpoints', 'showlegend', 'stackgaps', 'stackgroup', 'stream', 'text', 'textfont', 'textposition', 'textpositionsrc', 'textsrc', 'texttemplate', 'texttemplatesrc', 'transforms', 'type', 'uid', 'uirevision', 'unselected', 'visible', 'x', 'x0', 'xaxis', 'xcalendar', 'xhoverformat', 'xperiod', 'xperiod0', 'xperiodalignment', 'xsrc', 'y', 'y0', 'yaxis', 'ycalendar', 'yhoverformat', 'yperiod', 'yperiod0', 'yperiodalignment', 'ysrc', 'key', 'set', 'frame', 'transforms', '_isNestedKey', '_isSimpleKey', '_isGraticule', '_bbox'
"
"2","Warning: 'scatter' objects don't have these attributes: 'evaluate'
Valid attributes include:
'cliponaxis', 'connectgaps', 'customdata', 'customdatasrc', 'dx', 'dy', 'error_x', 'error_y', 'fill', 'fillcolor', 'fillpattern', 'groupnorm', 'hoverinfo', 'hoverinfosrc', 'hoverlabel', 'hoveron', 'hovertemplate', 'hovertemplatesrc', 'hovertext', 'hovertextsrc', 'ids', 'idssrc', 'legendgroup', 'legendgrouptitle', 'legendrank', 'line', 'marker', 'meta', 'metasrc', 'mode', 'name', 'opacity', 'orientation', 'selected', 'selectedpoints', 'showlegend', 'stackgaps', 'stackgroup', 'stream', 'text', 'textfont', 'textposition', 'textpositionsrc', 'textsrc', 'texttemplate', 'texttemplatesrc', 'transforms', 'type', 'uid', 'uirevision', 'unselected', 'visible', 'x', 'x0', 'xaxis', 'xcalendar', 'xhoverformat', 'xperiod', 'xperiod0', 'xperiodalignment', 'xsrc', 'y', 'y0', 'yaxis', 'ycalendar', 'yhoverformat', 'yperiod', 'yperiod0', 'yperiodalignment', 'ysrc', 'key', 'set', 'frame', 'transforms', '_isNestedKey', '_isSimpleKey', '_isGraticule', '_bbox'
"
"2","Warning: 'scatter' objects don't have these attributes: 'evaluate'
Valid attributes include:
'cliponaxis', 'connectgaps', 'customdata', 'customdatasrc', 'dx', 'dy', 'error_x', 'error_y', 'fill', 'fillcolor', 'fillpattern', 'groupnorm', 'hoverinfo', 'hoverinfosrc', 'hoverlabel', 'hoveron', 'hovertemplate', 'hovertemplatesrc', 'hovertext', 'hovertextsrc', 'ids', 'idssrc', 'legendgroup', 'legendgrouptitle', 'legendrank', 'line', 'marker', 'meta', 'metasrc', 'mode', 'name', 'opacity', 'orientation', 'selected', 'selectedpoints', 'showlegend', 'stackgaps', 'stackgroup', 'stream', 'text', 'textfont', 'textposition', 'textpositionsrc', 'textsrc', 'texttemplate', 'texttemplatesrc', 'transforms', 'type', 'uid', 'uirevision', 'unselected', 'visible', 'x', 'x0', 'xaxis', 'xcalendar', 'xhoverformat', 'xperiod', 'xperiod0', 'xperiodalignment', 'xsrc', 'y', 'y0', 'yaxis', 'ycalendar', 'yhoverformat', 'yperiod', 'yperiod0', 'yperiodalignment', 'ysrc', 'key', 'set', 'frame', 'transforms', '_isNestedKey', '_isSimpleKey', '_isGraticule', '_bbox'
"
"2","Warning: 'scatter' objects don't have these attributes: 'evaluate'
Valid attributes include:
'cliponaxis', 'connectgaps', 'customdata', 'customdatasrc', 'dx', 'dy', 'error_x', 'error_y', 'fill', 'fillcolor', 'fillpattern', 'groupnorm', 'hoverinfo', 'hoverinfosrc', 'hoverlabel', 'hoveron', 'hovertemplate', 'hovertemplatesrc', 'hovertext', 'hovertextsrc', 'ids', 'idssrc', 'legendgroup', 'legendgrouptitle', 'legendrank', 'line', 'marker', 'meta', 'metasrc', 'mode', 'name', 'opacity', 'orientation', 'selected', 'selectedpoints', 'showlegend', 'stackgaps', 'stackgroup', 'stream', 'text', 'textfont', 'textposition', 'textpositionsrc', 'textsrc', 'texttemplate', 'texttemplatesrc', 'transforms', 'type', 'uid', 'uirevision', 'unselected', 'visible', 'x', 'x0', 'xaxis', 'xcalendar', 'xhoverformat', 'xperiod', 'xperiod0', 'xperiodalignment', 'xsrc', 'y', 'y0', 'yaxis', 'ycalendar', 'yhoverformat', 'yperiod', 'yperiod0', 'yperiodalignment', 'ysrc', 'key', 'set', 'frame', 'transforms', '_isNestedKey', '_isSimpleKey', '_isGraticule', '_bbox'
"
"2","Warning: 'scatter' objects don't have these attributes: 'evaluate'
Valid attributes include:
'cliponaxis', 'connectgaps', 'customdata', 'customdatasrc', 'dx', 'dy', 'error_x', 'error_y', 'fill', 'fillcolor', 'fillpattern', 'groupnorm', 'hoverinfo', 'hoverinfosrc', 'hoverlabel', 'hoveron', 'hovertemplate', 'hovertemplatesrc', 'hovertext', 'hovertextsrc', 'ids', 'idssrc', 'legendgroup', 'legendgrouptitle', 'legendrank', 'line', 'marker', 'meta', 'metasrc', 'mode', 'name', 'opacity', 'orientation', 'selected', 'selectedpoints', 'showlegend', 'stackgaps', 'stackgroup', 'stream', 'text', 'textfont', 'textposition', 'textpositionsrc', 'textsrc', 'texttemplate', 'texttemplatesrc', 'transforms', 'type', 'uid', 'uirevision', 'unselected', 'visible', 'x', 'x0', 'xaxis', 'xcalendar', 'xhoverformat', 'xperiod', 'xperiod0', 'xperiodalignment', 'xsrc', 'y', 'y0', 'yaxis', 'ycalendar', 'yhoverformat', 'yperiod', 'yperiod0', 'yperiodalignment', 'ysrc', 'key', 'set', 'frame', 'transforms', '_isNestedKey', '_isSimpleKey', '_isGraticule', '_bbox'
"
"2","Warning: 'scatter' objects don't have these attributes: 'evaluate'
Valid attributes include:
'cliponaxis', 'connectgaps', 'customdata', 'customdatasrc', 'dx', 'dy', 'error_x', 'error_y', 'fill', 'fillcolor', 'fillpattern', 'groupnorm', 'hoverinfo', 'hoverinfosrc', 'hoverlabel', 'hoveron', 'hovertemplate', 'hovertemplatesrc', 'hovertext', 'hovertextsrc', 'ids', 'idssrc', 'legendgroup', 'legendgrouptitle', 'legendrank', 'line', 'marker', 'meta', 'metasrc', 'mode', 'name', 'opacity', 'orientation', 'selected', 'selectedpoints', 'showlegend', 'stackgaps', 'stackgroup', 'stream', 'text', 'textfont', 'textposition', 'textpositionsrc', 'textsrc', 'texttemplate', 'texttemplatesrc', 'transforms', 'type', 'uid', 'uirevision', 'unselected', 'visible', 'x', 'x0', 'xaxis', 'xcalendar', 'xhoverformat', 'xperiod', 'xperiod0', 'xperiodalignment', 'xsrc', 'y', 'y0', 'yaxis', 'ycalendar', 'yhoverformat', 'yperiod', 'yperiod0', 'yperiodalignment', 'ysrc', 'key', 'set', 'frame', 'transforms', '_isNestedKey', '_isSimpleKey', '_isGraticule', '_bbox'
"
"2","Warning: 'scatter' objects don't have these attributes: 'evaluate'
Valid attributes include:
'cliponaxis', 'connectgaps', 'customdata', 'customdatasrc', 'dx', 'dy', 'error_x', 'error_y', 'fill', 'fillcolor', 'fillpattern', 'groupnorm', 'hoverinfo', 'hoverinfosrc', 'hoverlabel', 'hoveron', 'hovertemplate', 'hovertemplatesrc', 'hovertext', 'hovertextsrc', 'ids', 'idssrc', 'legendgroup', 'legendgrouptitle', 'legendrank', 'line', 'marker', 'meta', 'metasrc', 'mode', 'name', 'opacity', 'orientation', 'selected', 'selectedpoints', 'showlegend', 'stackgaps', 'stackgroup', 'stream', 'text', 'textfont', 'textposition', 'textpositionsrc', 'textsrc', 'texttemplate', 'texttemplatesrc', 'transforms', 'type', 'uid', 'uirevision', 'unselected', 'visible', 'x', 'x0', 'xaxis', 'xcalendar', 'xhoverformat', 'xperiod', 'xperiod0', 'xperiodalignment', 'xsrc', 'y', 'y0', 'yaxis', 'ycalendar', 'yhoverformat', 'yperiod', 'yperiod0', 'yperiodalignment', 'ysrc', 'key', 'set', 'frame', 'transforms', '_isNestedKey', '_isSimpleKey', '_isGraticule', '_bbox'
"
"2","Warning: 'scatter' objects don't have these attributes: 'evaluate'
Valid attributes include:
'cliponaxis', 'connectgaps', 'customdata', 'customdatasrc', 'dx', 'dy', 'error_x', 'error_y', 'fill', 'fillcolor', 'fillpattern', 'groupnorm', 'hoverinfo', 'hoverinfosrc', 'hoverlabel', 'hoveron', 'hovertemplate', 'hovertemplatesrc', 'hovertext', 'hovertextsrc', 'ids', 'idssrc', 'legendgroup', 'legendgrouptitle', 'legendrank', 'line', 'marker', 'meta', 'metasrc', 'mode', 'name', 'opacity', 'orientation', 'selected', 'selectedpoints', 'showlegend', 'stackgaps', 'stackgroup', 'stream', 'text', 'textfont', 'textposition', 'textpositionsrc', 'textsrc', 'texttemplate', 'texttemplatesrc', 'transforms', 'type', 'uid', 'uirevision', 'unselected', 'visible', 'x', 'x0', 'xaxis', 'xcalendar', 'xhoverformat', 'xperiod', 'xperiod0', 'xperiodalignment', 'xsrc', 'y', 'y0', 'yaxis', 'ycalendar', 'yhoverformat', 'yperiod', 'yperiod0', 'yperiodalignment', 'ysrc', 'key', 'set', 'frame', 'transforms', '_isNestedKey', '_isSimpleKey', '_isGraticule', '_bbox'
"
"2","Warning: 'scatter' objects don't have these attributes: 'evaluate'
Valid attributes include:
'cliponaxis', 'connectgaps', 'customdata', 'customdatasrc', 'dx', 'dy', 'error_x', 'error_y', 'fill', 'fillcolor', 'fillpattern', 'groupnorm', 'hoverinfo', 'hoverinfosrc', 'hoverlabel', 'hoveron', 'hovertemplate', 'hovertemplatesrc', 'hovertext', 'hovertextsrc', 'ids', 'idssrc', 'legendgroup', 'legendgrouptitle', 'legendrank', 'line', 'marker', 'meta', 'metasrc', 'mode', 'name', 'opacity', 'orientation', 'selected', 'selectedpoints', 'showlegend', 'stackgaps', 'stackgroup', 'stream', 'text', 'textfont', 'textposition', 'textpositionsrc', 'textsrc', 'texttemplate', 'texttemplatesrc', 'transforms', 'type', 'uid', 'uirevision', 'unselected', 'visible', 'x', 'x0', 'xaxis', 'xcalendar', 'xhoverformat', 'xperiod', 'xperiod0', 'xperiodalignment', 'xsrc', 'y', 'y0', 'yaxis', 'ycalendar', 'yhoverformat', 'yperiod', 'yperiod0', 'yperiodalignment', 'ysrc', 'key', 'set', 'frame', 'transforms', '_isNestedKey', '_isSimpleKey', '_isGraticule', '_bbox'
"
"2","Warning: 'scatter' objects don't have these attributes: 'evaluate'
Valid attributes include:
'cliponaxis', 'connectgaps', 'customdata', 'customdatasrc', 'dx', 'dy', 'error_x', 'error_y', 'fill', 'fillcolor', 'fillpattern', 'groupnorm', 'hoverinfo', 'hoverinfosrc', 'hoverlabel', 'hoveron', 'hovertemplate', 'hovertemplatesrc', 'hovertext', 'hovertextsrc', 'ids', 'idssrc', 'legendgroup', 'legendgrouptitle', 'legendrank', 'line', 'marker', 'meta', 'metasrc', 'mode', 'name', 'opacity', 'orientation', 'selected', 'selectedpoints', 'showlegend', 'stackgaps', 'stackgroup', 'stream', 'text', 'textfont', 'textposition', 'textpositionsrc', 'textsrc', 'texttemplate', 'texttemplatesrc', 'transforms', 'type', 'uid', 'uirevision', 'unselected', 'visible', 'x', 'x0', 'xaxis', 'xcalendar', 'xhoverformat', 'xperiod', 'xperiod0', 'xperiodalignment', 'xsrc', 'y', 'y0', 'yaxis', 'ycalendar', 'yhoverformat', 'yperiod', 'yperiod0', 'yperiodalignment', 'ysrc', 'key', 'set', 'frame', 'transforms', '_isNestedKey', '_isSimpleKey', '_isGraticule', '_bbox'
"
"2","Warning: 'scatter' objects don't have these attributes: 'evaluate'
Valid attributes include:
'cliponaxis', 'connectgaps', 'customdata', 'customdatasrc', 'dx', 'dy', 'error_x', 'error_y', 'fill', 'fillcolor', 'fillpattern', 'groupnorm', 'hoverinfo', 'hoverinfosrc', 'hoverlabel', 'hoveron', 'hovertemplate', 'hovertemplatesrc', 'hovertext', 'hovertextsrc', 'ids', 'idssrc', 'legendgroup', 'legendgrouptitle', 'legendrank', 'line', 'marker', 'meta', 'metasrc', 'mode', 'name', 'opacity', 'orientation', 'selected', 'selectedpoints', 'showlegend', 'stackgaps', 'stackgroup', 'stream', 'text', 'textfont', 'textposition', 'textpositionsrc', 'textsrc', 'texttemplate', 'texttemplatesrc', 'transforms', 'type', 'uid', 'uirevision', 'unselected', 'visible', 'x', 'x0', 'xaxis', 'xcalendar', 'xhoverformat', 'xperiod', 'xperiod0', 'xperiodalignment', 'xsrc', 'y', 'y0', 'yaxis', 'ycalendar', 'yhoverformat', 'yperiod', 'yperiod0', 'yperiodalignment', 'ysrc', 'key', 'set', 'frame', 'transforms', '_isNestedKey', '_isSimpleKey', '_isGraticule', '_bbox'
"
"2","Warning: 'scatter' objects don't have these attributes: 'evaluate'
Valid attributes include:
'cliponaxis', 'connectgaps', 'customdata', 'customdatasrc', 'dx', 'dy', 'error_x', 'error_y', 'fill', 'fillcolor', 'fillpattern', 'groupnorm', 'hoverinfo', 'hoverinfosrc', 'hoverlabel', 'hoveron', 'hovertemplate', 'hovertemplatesrc', 'hovertext', 'hovertextsrc', 'ids', 'idssrc', 'legendgroup', 'legendgrouptitle', 'legendrank', 'line', 'marker', 'meta', 'metasrc', 'mode', 'name', 'opacity', 'orientation', 'selected', 'selectedpoints', 'showlegend', 'stackgaps', 'stackgroup', 'stream', 'text', 'textfont', 'textposition', 'textpositionsrc', 'textsrc', 'texttemplate', 'texttemplatesrc', 'transforms', 'type', 'uid', 'uirevision', 'unselected', 'visible', 'x', 'x0', 'xaxis', 'xcalendar', 'xhoverformat', 'xperiod', 'xperiod0', 'xperiodalignment', 'xsrc', 'y', 'y0', 'yaxis', 'ycalendar', 'yhoverformat', 'yperiod', 'yperiod0', 'yperiodalignment', 'ysrc', 'key', 'set', 'frame', 'transforms', '_isNestedKey', '_isSimpleKey', '_isGraticule', '_bbox'
"
"2","Warning: 'scatter' objects don't have these attributes: 'evaluate'
Valid attributes include:
'cliponaxis', 'connectgaps', 'customdata', 'customdatasrc', 'dx', 'dy', 'error_x', 'error_y', 'fill', 'fillcolor', 'fillpattern', 'groupnorm', 'hoverinfo', 'hoverinfosrc', 'hoverlabel', 'hoveron', 'hovertemplate', 'hovertemplatesrc', 'hovertext', 'hovertextsrc', 'ids', 'idssrc', 'legendgroup', 'legendgrouptitle', 'legendrank', 'line', 'marker', 'meta', 'metasrc', 'mode', 'name', 'opacity', 'orientation', 'selected', 'selectedpoints', 'showlegend', 'stackgaps', 'stackgroup', 'stream', 'text', 'textfont', 'textposition', 'textpositionsrc', 'textsrc', 'texttemplate', 'texttemplatesrc', 'transforms', 'type', 'uid', 'uirevision', 'unselected', 'visible', 'x', 'x0', 'xaxis', 'xcalendar', 'xhoverformat', 'xperiod', 'xperiod0', 'xperiodalignment', 'xsrc', 'y', 'y0', 'yaxis', 'ycalendar', 'yhoverformat', 'yperiod', 'yperiod0', 'yperiodalignment', 'ysrc', 'key', 'set', 'frame', 'transforms', '_isNestedKey', '_isSimpleKey', '_isGraticule', '_bbox'
"
"2","Warning: 'scatter' objects don't have these attributes: 'evaluate'
Valid attributes include:
'cliponaxis', 'connectgaps', 'customdata', 'customdatasrc', 'dx', 'dy', 'error_x', 'error_y', 'fill', 'fillcolor', 'fillpattern', 'groupnorm', 'hoverinfo', 'hoverinfosrc', 'hoverlabel', 'hoveron', 'hovertemplate', 'hovertemplatesrc', 'hovertext', 'hovertextsrc', 'ids', 'idssrc', 'legendgroup', 'legendgrouptitle', 'legendrank', 'line', 'marker', 'meta', 'metasrc', 'mode', 'name', 'opacity', 'orientation', 'selected', 'selectedpoints', 'showlegend', 'stackgaps', 'stackgroup', 'stream', 'text', 'textfont', 'textposition', 'textpositionsrc', 'textsrc', 'texttemplate', 'texttemplatesrc', 'transforms', 'type', 'uid', 'uirevision', 'unselected', 'visible', 'x', 'x0', 'xaxis', 'xcalendar', 'xhoverformat', 'xperiod', 'xperiod0', 'xperiodalignment', 'xsrc', 'y', 'y0', 'yaxis', 'ycalendar', 'yhoverformat', 'yperiod', 'yperiod0', 'yperiodalignment', 'ysrc', 'key', 'set', 'frame', 'transforms', '_isNestedKey', '_isSimpleKey', '_isGraticule', '_bbox'
"
"2","Warning: 'scatter' objects don't have these attributes: 'evaluate'
Valid attributes include:
'cliponaxis', 'connectgaps', 'customdata', 'customdatasrc', 'dx', 'dy', 'error_x', 'error_y', 'fill', 'fillcolor', 'fillpattern', 'groupnorm', 'hoverinfo', 'hoverinfosrc', 'hoverlabel', 'hoveron', 'hovertemplate', 'hovertemplatesrc', 'hovertext', 'hovertextsrc', 'ids', 'idssrc', 'legendgroup', 'legendgrouptitle', 'legendrank', 'line', 'marker', 'meta', 'metasrc', 'mode', 'name', 'opacity', 'orientation', 'selected', 'selectedpoints', 'showlegend', 'stackgaps', 'stackgroup', 'stream', 'text', 'textfont', 'textposition', 'textpositionsrc', 'textsrc', 'texttemplate', 'texttemplatesrc', 'transforms', 'type', 'uid', 'uirevision', 'unselected', 'visible', 'x', 'x0', 'xaxis', 'xcalendar', 'xhoverformat', 'xperiod', 'xperiod0', 'xperiodalignment', 'xsrc', 'y', 'y0', 'yaxis', 'ycalendar', 'yhoverformat', 'yperiod', 'yperiod0', 'yperiodalignment', 'ysrc', 'key', 'set', 'frame', 'transforms', '_isNestedKey', '_isSimpleKey', '_isGraticule', '_bbox'
"
"2","Warning: 'scatter' objects don't have these attributes: 'evaluate'
Valid attributes include:
'cliponaxis', 'connectgaps', 'customdata', 'customdatasrc', 'dx', 'dy', 'error_x', 'error_y', 'fill', 'fillcolor', 'fillpattern', 'groupnorm', 'hoverinfo', 'hoverinfosrc', 'hoverlabel', 'hoveron', 'hovertemplate', 'hovertemplatesrc', 'hovertext', 'hovertextsrc', 'ids', 'idssrc', 'legendgroup', 'legendgrouptitle', 'legendrank', 'line', 'marker', 'meta', 'metasrc', 'mode', 'name', 'opacity', 'orientation', 'selected', 'selectedpoints', 'showlegend', 'stackgaps', 'stackgroup', 'stream', 'text', 'textfont', 'textposition', 'textpositionsrc', 'textsrc', 'texttemplate', 'texttemplatesrc', 'transforms', 'type', 'uid', 'uirevision', 'unselected', 'visible', 'x', 'x0', 'xaxis', 'xcalendar', 'xhoverformat', 'xperiod', 'xperiod0', 'xperiodalignment', 'xsrc', 'y', 'y0', 'yaxis', 'ycalendar', 'yhoverformat', 'yperiod', 'yperiod0', 'yperiodalignment', 'ysrc', 'key', 'set', 'frame', 'transforms', '_isNestedKey', '_isSimpleKey', '_isGraticule', '_bbox'
"
"2","No trace type specified:
  Based on info supplied, a 'scatter' trace seems appropriate.
  Read more about this trace type -> https://plotly.com/r/reference/#scatter
"
"2","No trace type specified:
  Based on info supplied, a 'scatter' trace seems appropriate.
  Read more about this trace type -> https://plotly.com/r/reference/#scatter
"
"2","No trace type specified:
  Based on info supplied, a 'scatter' trace seems appropriate.
  Read more about this trace type -> https://plotly.com/r/reference/#scatter
"
"2","No trace type specified:
  Based on info supplied, a 'scatter' trace seems appropriate.
  Read more about this trace type -> https://plotly.com/r/reference/#scatter
"
"2","No trace type specified:
  Based on info supplied, a 'scatter' trace seems appropriate.
  Read more about this trace type -> https://plotly.com/r/reference/#scatter
"
"2","No trace type specified:
  Based on info supplied, a 'scatter' trace seems appropriate.
  Read more about this trace type -> https://plotly.com/r/reference/#scatter
"
"2","No trace type specified:
  Based on info supplied, a 'scatter' trace seems appropriate.
  Read more about this trace type -> https://plotly.com/r/reference/#scatter
"
"2","No trace type specified:
  Based on info supplied, a 'scatter' trace seems appropriate.
  Read more about this trace type -> https://plotly.com/r/reference/#scatter
"
"2","No trace type specified:
  Based on info supplied, a 'scatter' trace seems appropriate.
  Read more about this trace type -> https://plotly.com/r/reference/#scatter
"
"2","No trace type specified:
  Based on info supplied, a 'scatter' trace seems appropriate.
  Read more about this trace type -> https://plotly.com/r/reference/#scatter
"
"2","No trace type specified:
  Based on info supplied, a 'scatter' trace seems appropriate.
  Read more about this trace type -> https://plotly.com/r/reference/#scatter
"
"2","No trace type specified:
  Based on info supplied, a 'scatter' trace seems appropriate.
  Read more about this trace type -> https://plotly.com/r/reference/#scatter
"
"2","No trace type specified:
  Based on info supplied, a 'scatter' trace seems appropriate.
  Read more about this trace type -> https://plotly.com/r/reference/#scatter
"
"2","No trace type specified:
  Based on info supplied, a 'scatter' trace seems appropriate.
  Read more about this trace type -> https://plotly.com/r/reference/#scatter
"
"2","No trace type specified:
  Based on info supplied, a 'scatter' trace seems appropriate.
  Read more about this trace type -> https://plotly.com/r/reference/#scatter
"
"2","No trace type specified:
  Based on info supplied, a 'scatter' trace seems appropriate.
  Read more about this trace type -> https://plotly.com/r/reference/#scatter
"
"2","No trace type specified:
  Based on info supplied, a 'scatter' trace seems appropriate.
  Read more about this trace type -> https://plotly.com/r/reference/#scatter
"
"2","No trace type specified:
  Based on info supplied, a 'scatter' trace seems appropriate.
  Read more about this trace type -> https://plotly.com/r/reference/#scatter
"
"2","No trace type specified:
  Based on info supplied, a 'scatter' trace seems appropriate.
  Read more about this trace type -> https://plotly.com/r/reference/#scatter
"
"2","No trace type specified:
  Based on info supplied, a 'scatter' trace seems appropriate.
  Read more about this trace type -> https://plotly.com/r/reference/#scatter
"
"2","No trace type specified:
  Based on info supplied, a 'scatter' trace seems appropriate.
  Read more about this trace type -> https://plotly.com/r/reference/#scatter
"
"2","Warning: 'layout' objects don't have these attributes: 'tickmode', 'tickvals', 'ticktext'
Valid attributes include:
'_deprecated', 'activeshape', 'annotations', 'autosize', 'autotypenumbers', 'calendar', 'clickmode', 'coloraxis', 'colorscale', 'colorway', 'computed', 'datarevision', 'dragmode', 'editrevision', 'editType', 'font', 'geo', 'grid', 'height', 'hidesources', 'hoverdistance', 'hoverlabel', 'hovermode', 'images', 'legend', 'mapbox', 'margin', 'meta', 'metasrc', 'modebar', 'newshape', 'paper_bgcolor', 'plot_bgcolor', 'polar', 'scene', 'selectdirection', 'selectionrevision', 'separators', 'shapes', 'showlegend', 'sliders', 'smith', 'spikedistance', 'template', 'ternary', 'title', 'transition', 'uirevision', 'uniformtext', 'updatemenus', 'width', 'xaxis', 'yaxis', 'barmode', 'bargap', 'mapType'
"
"2","Warning: 'scatter' objects don't have these attributes: 'evaluate'
Valid attributes include:
'cliponaxis', 'connectgaps', 'customdata', 'customdatasrc', 'dx', 'dy', 'error_x', 'error_y', 'fill', 'fillcolor', 'fillpattern', 'groupnorm', 'hoverinfo', 'hoverinfosrc', 'hoverlabel', 'hoveron', 'hovertemplate', 'hovertemplatesrc', 'hovertext', 'hovertextsrc', 'ids', 'idssrc', 'legendgroup', 'legendgrouptitle', 'legendrank', 'line', 'marker', 'meta', 'metasrc', 'mode', 'name', 'opacity', 'orientation', 'selected', 'selectedpoints', 'showlegend', 'stackgaps', 'stackgroup', 'stream', 'text', 'textfont', 'textposition', 'textpositionsrc', 'textsrc', 'texttemplate', 'texttemplatesrc', 'transforms', 'type', 'uid', 'uirevision', 'unselected', 'visible', 'x', 'x0', 'xaxis', 'xcalendar', 'xhoverformat', 'xperiod', 'xperiod0', 'xperiodalignment', 'xsrc', 'y', 'y0', 'yaxis', 'ycalendar', 'yhoverformat', 'yperiod', 'yperiod0', 'yperiodalignment', 'ysrc', 'key', 'set', 'frame', 'transforms', '_isNestedKey', '_isSimpleKey', '_isGraticule', '_bbox'
"
"2","Warning: 'scatter' objects don't have these attributes: 'evaluate'
Valid attributes include:
'cliponaxis', 'connectgaps', 'customdata', 'customdatasrc', 'dx', 'dy', 'error_x', 'error_y', 'fill', 'fillcolor', 'fillpattern', 'groupnorm', 'hoverinfo', 'hoverinfosrc', 'hoverlabel', 'hoveron', 'hovertemplate', 'hovertemplatesrc', 'hovertext', 'hovertextsrc', 'ids', 'idssrc', 'legendgroup', 'legendgrouptitle', 'legendrank', 'line', 'marker', 'meta', 'metasrc', 'mode', 'name', 'opacity', 'orientation', 'selected', 'selectedpoints', 'showlegend', 'stackgaps', 'stackgroup', 'stream', 'text', 'textfont', 'textposition', 'textpositionsrc', 'textsrc', 'texttemplate', 'texttemplatesrc', 'transforms', 'type', 'uid', 'uirevision', 'unselected', 'visible', 'x', 'x0', 'xaxis', 'xcalendar', 'xhoverformat', 'xperiod', 'xperiod0', 'xperiodalignment', 'xsrc', 'y', 'y0', 'yaxis', 'ycalendar', 'yhoverformat', 'yperiod', 'yperiod0', 'yperiodalignment', 'ysrc', 'key', 'set', 'frame', 'transforms', '_isNestedKey', '_isSimpleKey', '_isGraticule', '_bbox'
"
"2","Warning: 'scatter' objects don't have these attributes: 'evaluate'
Valid attributes include:
'cliponaxis', 'connectgaps', 'customdata', 'customdatasrc', 'dx', 'dy', 'error_x', 'error_y', 'fill', 'fillcolor', 'fillpattern', 'groupnorm', 'hoverinfo', 'hoverinfosrc', 'hoverlabel', 'hoveron', 'hovertemplate', 'hovertemplatesrc', 'hovertext', 'hovertextsrc', 'ids', 'idssrc', 'legendgroup', 'legendgrouptitle', 'legendrank', 'line', 'marker', 'meta', 'metasrc', 'mode', 'name', 'opacity', 'orientation', 'selected', 'selectedpoints', 'showlegend', 'stackgaps', 'stackgroup', 'stream', 'text', 'textfont', 'textposition', 'textpositionsrc', 'textsrc', 'texttemplate', 'texttemplatesrc', 'transforms', 'type', 'uid', 'uirevision', 'unselected', 'visible', 'x', 'x0', 'xaxis', 'xcalendar', 'xhoverformat', 'xperiod', 'xperiod0', 'xperiodalignment', 'xsrc', 'y', 'y0', 'yaxis', 'ycalendar', 'yhoverformat', 'yperiod', 'yperiod0', 'yperiodalignment', 'ysrc', 'key', 'set', 'frame', 'transforms', '_isNestedKey', '_isSimpleKey', '_isGraticule', '_bbox'
"
"2","Warning: 'scatter' objects don't have these attributes: 'evaluate'
Valid attributes include:
'cliponaxis', 'connectgaps', 'customdata', 'customdatasrc', 'dx', 'dy', 'error_x', 'error_y', 'fill', 'fillcolor', 'fillpattern', 'groupnorm', 'hoverinfo', 'hoverinfosrc', 'hoverlabel', 'hoveron', 'hovertemplate', 'hovertemplatesrc', 'hovertext', 'hovertextsrc', 'ids', 'idssrc', 'legendgroup', 'legendgrouptitle', 'legendrank', 'line', 'marker', 'meta', 'metasrc', 'mode', 'name', 'opacity', 'orientation', 'selected', 'selectedpoints', 'showlegend', 'stackgaps', 'stackgroup', 'stream', 'text', 'textfont', 'textposition', 'textpositionsrc', 'textsrc', 'texttemplate', 'texttemplatesrc', 'transforms', 'type', 'uid', 'uirevision', 'unselected', 'visible', 'x', 'x0', 'xaxis', 'xcalendar', 'xhoverformat', 'xperiod', 'xperiod0', 'xperiodalignment', 'xsrc', 'y', 'y0', 'yaxis', 'ycalendar', 'yhoverformat', 'yperiod', 'yperiod0', 'yperiodalignment', 'ysrc', 'key', 'set', 'frame', 'transforms', '_isNestedKey', '_isSimpleKey', '_isGraticule', '_bbox'
"
"2","Warning: 'scatter' objects don't have these attributes: 'evaluate'
Valid attributes include:
'cliponaxis', 'connectgaps', 'customdata', 'customdatasrc', 'dx', 'dy', 'error_x', 'error_y', 'fill', 'fillcolor', 'fillpattern', 'groupnorm', 'hoverinfo', 'hoverinfosrc', 'hoverlabel', 'hoveron', 'hovertemplate', 'hovertemplatesrc', 'hovertext', 'hovertextsrc', 'ids', 'idssrc', 'legendgroup', 'legendgrouptitle', 'legendrank', 'line', 'marker', 'meta', 'metasrc', 'mode', 'name', 'opacity', 'orientation', 'selected', 'selectedpoints', 'showlegend', 'stackgaps', 'stackgroup', 'stream', 'text', 'textfont', 'textposition', 'textpositionsrc', 'textsrc', 'texttemplate', 'texttemplatesrc', 'transforms', 'type', 'uid', 'uirevision', 'unselected', 'visible', 'x', 'x0', 'xaxis', 'xcalendar', 'xhoverformat', 'xperiod', 'xperiod0', 'xperiodalignment', 'xsrc', 'y', 'y0', 'yaxis', 'ycalendar', 'yhoverformat', 'yperiod', 'yperiod0', 'yperiodalignment', 'ysrc', 'key', 'set', 'frame', 'transforms', '_isNestedKey', '_isSimpleKey', '_isGraticule', '_bbox'
"
"2","Warning: 'scatter' objects don't have these attributes: 'evaluate'
Valid attributes include:
'cliponaxis', 'connectgaps', 'customdata', 'customdatasrc', 'dx', 'dy', 'error_x', 'error_y', 'fill', 'fillcolor', 'fillpattern', 'groupnorm', 'hoverinfo', 'hoverinfosrc', 'hoverlabel', 'hoveron', 'hovertemplate', 'hovertemplatesrc', 'hovertext', 'hovertextsrc', 'ids', 'idssrc', 'legendgroup', 'legendgrouptitle', 'legendrank', 'line', 'marker', 'meta', 'metasrc', 'mode', 'name', 'opacity', 'orientation', 'selected', 'selectedpoints', 'showlegend', 'stackgaps', 'stackgroup', 'stream', 'text', 'textfont', 'textposition', 'textpositionsrc', 'textsrc', 'texttemplate', 'texttemplatesrc', 'transforms', 'type', 'uid', 'uirevision', 'unselected', 'visible', 'x', 'x0', 'xaxis', 'xcalendar', 'xhoverformat', 'xperiod', 'xperiod0', 'xperiodalignment', 'xsrc', 'y', 'y0', 'yaxis', 'ycalendar', 'yhoverformat', 'yperiod', 'yperiod0', 'yperiodalignment', 'ysrc', 'key', 'set', 'frame', 'transforms', '_isNestedKey', '_isSimpleKey', '_isGraticule', '_bbox'
"
"2","Warning: 'scatter' objects don't have these attributes: 'evaluate'
Valid attributes include:
'cliponaxis', 'connectgaps', 'customdata', 'customdatasrc', 'dx', 'dy', 'error_x', 'error_y', 'fill', 'fillcolor', 'fillpattern', 'groupnorm', 'hoverinfo', 'hoverinfosrc', 'hoverlabel', 'hoveron', 'hovertemplate', 'hovertemplatesrc', 'hovertext', 'hovertextsrc', 'ids', 'idssrc', 'legendgroup', 'legendgrouptitle', 'legendrank', 'line', 'marker', 'meta', 'metasrc', 'mode', 'name', 'opacity', 'orientation', 'selected', 'selectedpoints', 'showlegend', 'stackgaps', 'stackgroup', 'stream', 'text', 'textfont', 'textposition', 'textpositionsrc', 'textsrc', 'texttemplate', 'texttemplatesrc', 'transforms', 'type', 'uid', 'uirevision', 'unselected', 'visible', 'x', 'x0', 'xaxis', 'xcalendar', 'xhoverformat', 'xperiod', 'xperiod0', 'xperiodalignment', 'xsrc', 'y', 'y0', 'yaxis', 'ycalendar', 'yhoverformat', 'yperiod', 'yperiod0', 'yperiodalignment', 'ysrc', 'key', 'set', 'frame', 'transforms', '_isNestedKey', '_isSimpleKey', '_isGraticule', '_bbox'
"
"2","Warning: 'scatter' objects don't have these attributes: 'evaluate'
Valid attributes include:
'cliponaxis', 'connectgaps', 'customdata', 'customdatasrc', 'dx', 'dy', 'error_x', 'error_y', 'fill', 'fillcolor', 'fillpattern', 'groupnorm', 'hoverinfo', 'hoverinfosrc', 'hoverlabel', 'hoveron', 'hovertemplate', 'hovertemplatesrc', 'hovertext', 'hovertextsrc', 'ids', 'idssrc', 'legendgroup', 'legendgrouptitle', 'legendrank', 'line', 'marker', 'meta', 'metasrc', 'mode', 'name', 'opacity', 'orientation', 'selected', 'selectedpoints', 'showlegend', 'stackgaps', 'stackgroup', 'stream', 'text', 'textfont', 'textposition', 'textpositionsrc', 'textsrc', 'texttemplate', 'texttemplatesrc', 'transforms', 'type', 'uid', 'uirevision', 'unselected', 'visible', 'x', 'x0', 'xaxis', 'xcalendar', 'xhoverformat', 'xperiod', 'xperiod0', 'xperiodalignment', 'xsrc', 'y', 'y0', 'yaxis', 'ycalendar', 'yhoverformat', 'yperiod', 'yperiod0', 'yperiodalignment', 'ysrc', 'key', 'set', 'frame', 'transforms', '_isNestedKey', '_isSimpleKey', '_isGraticule', '_bbox'
"
"2","Warning: 'scatter' objects don't have these attributes: 'evaluate'
Valid attributes include:
'cliponaxis', 'connectgaps', 'customdata', 'customdatasrc', 'dx', 'dy', 'error_x', 'error_y', 'fill', 'fillcolor', 'fillpattern', 'groupnorm', 'hoverinfo', 'hoverinfosrc', 'hoverlabel', 'hoveron', 'hovertemplate', 'hovertemplatesrc', 'hovertext', 'hovertextsrc', 'ids', 'idssrc', 'legendgroup', 'legendgrouptitle', 'legendrank', 'line', 'marker', 'meta', 'metasrc', 'mode', 'name', 'opacity', 'orientation', 'selected', 'selectedpoints', 'showlegend', 'stackgaps', 'stackgroup', 'stream', 'text', 'textfont', 'textposition', 'textpositionsrc', 'textsrc', 'texttemplate', 'texttemplatesrc', 'transforms', 'type', 'uid', 'uirevision', 'unselected', 'visible', 'x', 'x0', 'xaxis', 'xcalendar', 'xhoverformat', 'xperiod', 'xperiod0', 'xperiodalignment', 'xsrc', 'y', 'y0', 'yaxis', 'ycalendar', 'yhoverformat', 'yperiod', 'yperiod0', 'yperiodalignment', 'ysrc', 'key', 'set', 'frame', 'transforms', '_isNestedKey', '_isSimpleKey', '_isGraticule', '_bbox'
"
"2","Warning: 'scatter' objects don't have these attributes: 'evaluate'
Valid attributes include:
'cliponaxis', 'connectgaps', 'customdata', 'customdatasrc', 'dx', 'dy', 'error_x', 'error_y', 'fill', 'fillcolor', 'fillpattern', 'groupnorm', 'hoverinfo', 'hoverinfosrc', 'hoverlabel', 'hoveron', 'hovertemplate', 'hovertemplatesrc', 'hovertext', 'hovertextsrc', 'ids', 'idssrc', 'legendgroup', 'legendgrouptitle', 'legendrank', 'line', 'marker', 'meta', 'metasrc', 'mode', 'name', 'opacity', 'orientation', 'selected', 'selectedpoints', 'showlegend', 'stackgaps', 'stackgroup', 'stream', 'text', 'textfont', 'textposition', 'textpositionsrc', 'textsrc', 'texttemplate', 'texttemplatesrc', 'transforms', 'type', 'uid', 'uirevision', 'unselected', 'visible', 'x', 'x0', 'xaxis', 'xcalendar', 'xhoverformat', 'xperiod', 'xperiod0', 'xperiodalignment', 'xsrc', 'y', 'y0', 'yaxis', 'ycalendar', 'yhoverformat', 'yperiod', 'yperiod0', 'yperiodalignment', 'ysrc', 'key', 'set', 'frame', 'transforms', '_isNestedKey', '_isSimpleKey', '_isGraticule', '_bbox'
"
"2","Warning: 'scatter' objects don't have these attributes: 'evaluate'
Valid attributes include:
'cliponaxis', 'connectgaps', 'customdata', 'customdatasrc', 'dx', 'dy', 'error_x', 'error_y', 'fill', 'fillcolor', 'fillpattern', 'groupnorm', 'hoverinfo', 'hoverinfosrc', 'hoverlabel', 'hoveron', 'hovertemplate', 'hovertemplatesrc', 'hovertext', 'hovertextsrc', 'ids', 'idssrc', 'legendgroup', 'legendgrouptitle', 'legendrank', 'line', 'marker', 'meta', 'metasrc', 'mode', 'name', 'opacity', 'orientation', 'selected', 'selectedpoints', 'showlegend', 'stackgaps', 'stackgroup', 'stream', 'text', 'textfont', 'textposition', 'textpositionsrc', 'textsrc', 'texttemplate', 'texttemplatesrc', 'transforms', 'type', 'uid', 'uirevision', 'unselected', 'visible', 'x', 'x0', 'xaxis', 'xcalendar', 'xhoverformat', 'xperiod', 'xperiod0', 'xperiodalignment', 'xsrc', 'y', 'y0', 'yaxis', 'ycalendar', 'yhoverformat', 'yperiod', 'yperiod0', 'yperiodalignment', 'ysrc', 'key', 'set', 'frame', 'transforms', '_isNestedKey', '_isSimpleKey', '_isGraticule', '_bbox'
"
"2","Warning: 'scatter' objects don't have these attributes: 'evaluate'
Valid attributes include:
'cliponaxis', 'connectgaps', 'customdata', 'customdatasrc', 'dx', 'dy', 'error_x', 'error_y', 'fill', 'fillcolor', 'fillpattern', 'groupnorm', 'hoverinfo', 'hoverinfosrc', 'hoverlabel', 'hoveron', 'hovertemplate', 'hovertemplatesrc', 'hovertext', 'hovertextsrc', 'ids', 'idssrc', 'legendgroup', 'legendgrouptitle', 'legendrank', 'line', 'marker', 'meta', 'metasrc', 'mode', 'name', 'opacity', 'orientation', 'selected', 'selectedpoints', 'showlegend', 'stackgaps', 'stackgroup', 'stream', 'text', 'textfont', 'textposition', 'textpositionsrc', 'textsrc', 'texttemplate', 'texttemplatesrc', 'transforms', 'type', 'uid', 'uirevision', 'unselected', 'visible', 'x', 'x0', 'xaxis', 'xcalendar', 'xhoverformat', 'xperiod', 'xperiod0', 'xperiodalignment', 'xsrc', 'y', 'y0', 'yaxis', 'ycalendar', 'yhoverformat', 'yperiod', 'yperiod0', 'yperiodalignment', 'ysrc', 'key', 'set', 'frame', 'transforms', '_isNestedKey', '_isSimpleKey', '_isGraticule', '_bbox'
"
"2","Warning: 'scatter' objects don't have these attributes: 'evaluate'
Valid attributes include:
'cliponaxis', 'connectgaps', 'customdata', 'customdatasrc', 'dx', 'dy', 'error_x', 'error_y', 'fill', 'fillcolor', 'fillpattern', 'groupnorm', 'hoverinfo', 'hoverinfosrc', 'hoverlabel', 'hoveron', 'hovertemplate', 'hovertemplatesrc', 'hovertext', 'hovertextsrc', 'ids', 'idssrc', 'legendgroup', 'legendgrouptitle', 'legendrank', 'line', 'marker', 'meta', 'metasrc', 'mode', 'name', 'opacity', 'orientation', 'selected', 'selectedpoints', 'showlegend', 'stackgaps', 'stackgroup', 'stream', 'text', 'textfont', 'textposition', 'textpositionsrc', 'textsrc', 'texttemplate', 'texttemplatesrc', 'transforms', 'type', 'uid', 'uirevision', 'unselected', 'visible', 'x', 'x0', 'xaxis', 'xcalendar', 'xhoverformat', 'xperiod', 'xperiod0', 'xperiodalignment', 'xsrc', 'y', 'y0', 'yaxis', 'ycalendar', 'yhoverformat', 'yperiod', 'yperiod0', 'yperiodalignment', 'ysrc', 'key', 'set', 'frame', 'transforms', '_isNestedKey', '_isSimpleKey', '_isGraticule', '_bbox'
"
"2","Warning: 'scatter' objects don't have these attributes: 'evaluate'
Valid attributes include:
'cliponaxis', 'connectgaps', 'customdata', 'customdatasrc', 'dx', 'dy', 'error_x', 'error_y', 'fill', 'fillcolor', 'fillpattern', 'groupnorm', 'hoverinfo', 'hoverinfosrc', 'hoverlabel', 'hoveron', 'hovertemplate', 'hovertemplatesrc', 'hovertext', 'hovertextsrc', 'ids', 'idssrc', 'legendgroup', 'legendgrouptitle', 'legendrank', 'line', 'marker', 'meta', 'metasrc', 'mode', 'name', 'opacity', 'orientation', 'selected', 'selectedpoints', 'showlegend', 'stackgaps', 'stackgroup', 'stream', 'text', 'textfont', 'textposition', 'textpositionsrc', 'textsrc', 'texttemplate', 'texttemplatesrc', 'transforms', 'type', 'uid', 'uirevision', 'unselected', 'visible', 'x', 'x0', 'xaxis', 'xcalendar', 'xhoverformat', 'xperiod', 'xperiod0', 'xperiodalignment', 'xsrc', 'y', 'y0', 'yaxis', 'ycalendar', 'yhoverformat', 'yperiod', 'yperiod0', 'yperiodalignment', 'ysrc', 'key', 'set', 'frame', 'transforms', '_isNestedKey', '_isSimpleKey', '_isGraticule', '_bbox'
"
"2","Warning: 'scatter' objects don't have these attributes: 'evaluate'
Valid attributes include:
'cliponaxis', 'connectgaps', 'customdata', 'customdatasrc', 'dx', 'dy', 'error_x', 'error_y', 'fill', 'fillcolor', 'fillpattern', 'groupnorm', 'hoverinfo', 'hoverinfosrc', 'hoverlabel', 'hoveron', 'hovertemplate', 'hovertemplatesrc', 'hovertext', 'hovertextsrc', 'ids', 'idssrc', 'legendgroup', 'legendgrouptitle', 'legendrank', 'line', 'marker', 'meta', 'metasrc', 'mode', 'name', 'opacity', 'orientation', 'selected', 'selectedpoints', 'showlegend', 'stackgaps', 'stackgroup', 'stream', 'text', 'textfont', 'textposition', 'textpositionsrc', 'textsrc', 'texttemplate', 'texttemplatesrc', 'transforms', 'type', 'uid', 'uirevision', 'unselected', 'visible', 'x', 'x0', 'xaxis', 'xcalendar', 'xhoverformat', 'xperiod', 'xperiod0', 'xperiodalignment', 'xsrc', 'y', 'y0', 'yaxis', 'ycalendar', 'yhoverformat', 'yperiod', 'yperiod0', 'yperiodalignment', 'ysrc', 'key', 'set', 'frame', 'transforms', '_isNestedKey', '_isSimpleKey', '_isGraticule', '_bbox'
"
"2","Warning: 'scatter' objects don't have these attributes: 'evaluate'
Valid attributes include:
'cliponaxis', 'connectgaps', 'customdata', 'customdatasrc', 'dx', 'dy', 'error_x', 'error_y', 'fill', 'fillcolor', 'fillpattern', 'groupnorm', 'hoverinfo', 'hoverinfosrc', 'hoverlabel', 'hoveron', 'hovertemplate', 'hovertemplatesrc', 'hovertext', 'hovertextsrc', 'ids', 'idssrc', 'legendgroup', 'legendgrouptitle', 'legendrank', 'line', 'marker', 'meta', 'metasrc', 'mode', 'name', 'opacity', 'orientation', 'selected', 'selectedpoints', 'showlegend', 'stackgaps', 'stackgroup', 'stream', 'text', 'textfont', 'textposition', 'textpositionsrc', 'textsrc', 'texttemplate', 'texttemplatesrc', 'transforms', 'type', 'uid', 'uirevision', 'unselected', 'visible', 'x', 'x0', 'xaxis', 'xcalendar', 'xhoverformat', 'xperiod', 'xperiod0', 'xperiodalignment', 'xsrc', 'y', 'y0', 'yaxis', 'ycalendar', 'yhoverformat', 'yperiod', 'yperiod0', 'yperiodalignment', 'ysrc', 'key', 'set', 'frame', 'transforms', '_isNestedKey', '_isSimpleKey', '_isGraticule', '_bbox'
"
"2","Warning: 'scatter' objects don't have these attributes: 'evaluate'
Valid attributes include:
'cliponaxis', 'connectgaps', 'customdata', 'customdatasrc', 'dx', 'dy', 'error_x', 'error_y', 'fill', 'fillcolor', 'fillpattern', 'groupnorm', 'hoverinfo', 'hoverinfosrc', 'hoverlabel', 'hoveron', 'hovertemplate', 'hovertemplatesrc', 'hovertext', 'hovertextsrc', 'ids', 'idssrc', 'legendgroup', 'legendgrouptitle', 'legendrank', 'line', 'marker', 'meta', 'metasrc', 'mode', 'name', 'opacity', 'orientation', 'selected', 'selectedpoints', 'showlegend', 'stackgaps', 'stackgroup', 'stream', 'text', 'textfont', 'textposition', 'textpositionsrc', 'textsrc', 'texttemplate', 'texttemplatesrc', 'transforms', 'type', 'uid', 'uirevision', 'unselected', 'visible', 'x', 'x0', 'xaxis', 'xcalendar', 'xhoverformat', 'xperiod', 'xperiod0', 'xperiodalignment', 'xsrc', 'y', 'y0', 'yaxis', 'ycalendar', 'yhoverformat', 'yperiod', 'yperiod0', 'yperiodalignment', 'ysrc', 'key', 'set', 'frame', 'transforms', '_isNestedKey', '_isSimpleKey', '_isGraticule', '_bbox'
"
"2","Warning: 'scatter' objects don't have these attributes: 'evaluate'
Valid attributes include:
'cliponaxis', 'connectgaps', 'customdata', 'customdatasrc', 'dx', 'dy', 'error_x', 'error_y', 'fill', 'fillcolor', 'fillpattern', 'groupnorm', 'hoverinfo', 'hoverinfosrc', 'hoverlabel', 'hoveron', 'hovertemplate', 'hovertemplatesrc', 'hovertext', 'hovertextsrc', 'ids', 'idssrc', 'legendgroup', 'legendgrouptitle', 'legendrank', 'line', 'marker', 'meta', 'metasrc', 'mode', 'name', 'opacity', 'orientation', 'selected', 'selectedpoints', 'showlegend', 'stackgaps', 'stackgroup', 'stream', 'text', 'textfont', 'textposition', 'textpositionsrc', 'textsrc', 'texttemplate', 'texttemplatesrc', 'transforms', 'type', 'uid', 'uirevision', 'unselected', 'visible', 'x', 'x0', 'xaxis', 'xcalendar', 'xhoverformat', 'xperiod', 'xperiod0', 'xperiodalignment', 'xsrc', 'y', 'y0', 'yaxis', 'ycalendar', 'yhoverformat', 'yperiod', 'yperiod0', 'yperiodalignment', 'ysrc', 'key', 'set', 'frame', 'transforms', '_isNestedKey', '_isSimpleKey', '_isGraticule', '_bbox'
"
"2","Warning: 'scatter' objects don't have these attributes: 'evaluate'
Valid attributes include:
'cliponaxis', 'connectgaps', 'customdata', 'customdatasrc', 'dx', 'dy', 'error_x', 'error_y', 'fill', 'fillcolor', 'fillpattern', 'groupnorm', 'hoverinfo', 'hoverinfosrc', 'hoverlabel', 'hoveron', 'hovertemplate', 'hovertemplatesrc', 'hovertext', 'hovertextsrc', 'ids', 'idssrc', 'legendgroup', 'legendgrouptitle', 'legendrank', 'line', 'marker', 'meta', 'metasrc', 'mode', 'name', 'opacity', 'orientation', 'selected', 'selectedpoints', 'showlegend', 'stackgaps', 'stackgroup', 'stream', 'text', 'textfont', 'textposition', 'textpositionsrc', 'textsrc', 'texttemplate', 'texttemplatesrc', 'transforms', 'type', 'uid', 'uirevision', 'unselected', 'visible', 'x', 'x0', 'xaxis', 'xcalendar', 'xhoverformat', 'xperiod', 'xperiod0', 'xperiodalignment', 'xsrc', 'y', 'y0', 'yaxis', 'ycalendar', 'yhoverformat', 'yperiod', 'yperiod0', 'yperiodalignment', 'ysrc', 'key', 'set', 'frame', 'transforms', '_isNestedKey', '_isSimpleKey', '_isGraticule', '_bbox'
"
"2","Warning: 'scatter' objects don't have these attributes: 'evaluate'
Valid attributes include:
'cliponaxis', 'connectgaps', 'customdata', 'customdatasrc', 'dx', 'dy', 'error_x', 'error_y', 'fill', 'fillcolor', 'fillpattern', 'groupnorm', 'hoverinfo', 'hoverinfosrc', 'hoverlabel', 'hoveron', 'hovertemplate', 'hovertemplatesrc', 'hovertext', 'hovertextsrc', 'ids', 'idssrc', 'legendgroup', 'legendgrouptitle', 'legendrank', 'line', 'marker', 'meta', 'metasrc', 'mode', 'name', 'opacity', 'orientation', 'selected', 'selectedpoints', 'showlegend', 'stackgaps', 'stackgroup', 'stream', 'text', 'textfont', 'textposition', 'textpositionsrc', 'textsrc', 'texttemplate', 'texttemplatesrc', 'transforms', 'type', 'uid', 'uirevision', 'unselected', 'visible', 'x', 'x0', 'xaxis', 'xcalendar', 'xhoverformat', 'xperiod', 'xperiod0', 'xperiodalignment', 'xsrc', 'y', 'y0', 'yaxis', 'ycalendar', 'yhoverformat', 'yperiod', 'yperiod0', 'yperiodalignment', 'ysrc', 'key', 'set', 'frame', 'transforms', '_isNestedKey', '_isSimpleKey', '_isGraticule', '_bbox'
"
"2","Warning: 'scatter' objects don't have these attributes: 'evaluate'
Valid attributes include:
'cliponaxis', 'connectgaps', 'customdata', 'customdatasrc', 'dx', 'dy', 'error_x', 'error_y', 'fill', 'fillcolor', 'fillpattern', 'groupnorm', 'hoverinfo', 'hoverinfosrc', 'hoverlabel', 'hoveron', 'hovertemplate', 'hovertemplatesrc', 'hovertext', 'hovertextsrc', 'ids', 'idssrc', 'legendgroup', 'legendgrouptitle', 'legendrank', 'line', 'marker', 'meta', 'metasrc', 'mode', 'name', 'opacity', 'orientation', 'selected', 'selectedpoints', 'showlegend', 'stackgaps', 'stackgroup', 'stream', 'text', 'textfont', 'textposition', 'textpositionsrc', 'textsrc', 'texttemplate', 'texttemplatesrc', 'transforms', 'type', 'uid', 'uirevision', 'unselected', 'visible', 'x', 'x0', 'xaxis', 'xcalendar', 'xhoverformat', 'xperiod', 'xperiod0', 'xperiodalignment', 'xsrc', 'y', 'y0', 'yaxis', 'ycalendar', 'yhoverformat', 'yperiod', 'yperiod0', 'yperiodalignment', 'ysrc', 'key', 'set', 'frame', 'transforms', '_isNestedKey', '_isSimpleKey', '_isGraticule', '_bbox'
"
